{"schemaVersion":"1.0","appDefinitionTemplate":{"id":"/providers/Microsoft.PowerApps/apps/","type":"Microsoft.PowerApps/apps","tags":{"primaryDeviceWidth":"640","primaryDeviceHeight":"1136","supportsPortrait":"true","supportsLandscape":"true","primaryFormFactor":"Phone","showStatusBar":"false","publisherVersion":"3.25032.10","minimumRequiredApiVersion":"2.2.0","hasComponent":"false","hasUnlockedComponent":"false","isUnifiedRootApp":"false","sienaVersion":"20250329T153642Z-3.25032.10.0"},"properties":{"appVersion":"2025-03-29T15:36:42Z","lifeCycleId":"Published","createdByClientVersion":{"major":3,"minor":25032,"build":10,"revision":0,"majorRevision":0,"minorRevision":0},"minClientVersion":{"major":3,"minor":25032,"build":10,"revision":0,"majorRevision":0,"minorRevision":0},"backgroundColor":"rgba(204, 231, 246, 1)","backgroundImageUri":"/1545326985564561521/N93c72a09-5cd6-4611-b6ca-5b7113c1a197-logoSmallFile","displayName":"Nutrition Tracking Mobile App","description":"🏥Disclaimer: I Am Not a Medical Professional. Consult With Your Dietitian or Physician Before Starting Any New Diets. This App Recommends Particular Protein Values Based on Academic Research But Allows the User to Ultimately Choose to Their Own Values Instead.\n\n🏇🏻UCF Student Built Mobile Application For COT 6571. Go Knights!             \n\n💾Non-Intrusive: Your Data is Only Saved Locally on Your Device             \n\n🍽️Database: 14,000 Food Items (USDA Values)                           \n\n📒Journal: Logs Daily Intake of Protein, Carbs, Fat, Calories    \n       \n🧮Calculator: Recommended or Custom Daily Protein Intake         \n\n📄Research Backed: Nutritional References Are Included Inside          \n\n💻Open Source: Assets/Code Available for Export/Download Into Other Power Apps Environments on Github (https://github.com/NatureBoyJsou)","commitMessage":"","appUris":{"documentUri":{"value":"/1545326985564561521/Nbe5a15f3-4cef-4c82-a067-b5841e158ebb-document.msapp"},"imageUris":[],"additionalUris":[{"isSolutionAware":false,"value":"/1545326985564561521/Nc24afca7-ad38-4835-b74b-beac4efa2959-identity.json"}]},"createdTime":"0001-01-01T00:00:00Z","lastModifiedTime":"0001-01-01T00:00:00Z","sharedGroupsCount":0,"sharedUsersCount":0,"connectionReferences":{},"databaseReferences":{},"almMode":"Environment","performanceOptimizationEnabled":false,"canConsumeAppPass":false,"enableModernRuntimeMode":false,"executionRestrictions":{"isTeamsOnly":false,"dataLossPreventionEvaluationResult":{"status":"Compliant","lastEvaluationDate":"2025-01-13T14:44:26.6477435Z","violations":[],"violationsByPolicy":[],"violationErrorMessage":"The app uses the following connectors: ."}}},"isAppComponentLibrary":false,"appType":"ClassicCanvasApp","appComponents":[]}}